-- phpMyAdmin SQL Dump
-- version 4.0.10.7
-- http://www.phpmyadmin.net
--
-- Host: localhost:3306
-- Generation Time: Oct 28, 2015 at 11:26 AM
-- Server version: 5.6.27
-- PHP Version: 5.4.31

SET SQL_MODE = "NO_AUTO_VALUE_ON_ZERO";
SET time_zone = "+00:00";


/*!40101 SET @OLD_CHARACTER_SET_CLIENT=@@CHARACTER_SET_CLIENT */;
/*!40101 SET @OLD_CHARACTER_SET_RESULTS=@@CHARACTER_SET_RESULTS */;
/*!40101 SET @OLD_COLLATION_CONNECTION=@@COLLATION_CONNECTION */;
/*!40101 SET NAMES utf8 */;

--
-- Database: `wepokaor_tv_program_db`
--

-- --------------------------------------------------------

--
-- Table structure for table `category_info`
--

CREATE TABLE IF NOT EXISTS `category_info` (
  `category_id` int(11) NOT NULL AUTO_INCREMENT,
  `category_name` varchar(255) CHARACTER SET utf8 COLLATE utf8_unicode_ci NOT NULL,
  PRIMARY KEY (`category_id`)
) ENGINE=MyISAM  DEFAULT CHARSET=latin1 AUTO_INCREMENT=8 ;

--
-- Dumping data for table `category_info`
--

INSERT INTO `category_info` (`category_id`, `category_name`) VALUES
(1, 'Uncategorized'),
(2, 'Movie'),
(3, 'Sport'),
(4, 'Drama Serial'),
(5, 'News'),
(6, 'Telefilm'),
(7, 'Music');

-- --------------------------------------------------------

--
-- Table structure for table `channel_info`
--

CREATE TABLE IF NOT EXISTS `channel_info` (
  `channel_id` int(11) NOT NULL AUTO_INCREMENT,
  `channel_name` varchar(255) CHARACTER SET utf8 COLLATE utf8_unicode_ci NOT NULL,
  PRIMARY KEY (`channel_id`)
) ENGINE=MyISAM  DEFAULT CHARSET=latin1 AUTO_INCREMENT=27 ;

--
-- Dumping data for table `channel_info`
--

INSERT INTO `channel_info` (`channel_id`, `channel_name`) VALUES
(7, 'একাত্তর টিভি'),
(6, 'বৈশাখী টিভি'),
(5, 'চ্যানেল আই'),
(4, 'একুশে টিভি'),
(3, 'এটিএন বাংলা'),
(2, 'বিটিভি'),
(1, 'Star Movies');

-- --------------------------------------------------------

--
-- Table structure for table `program_info`
--

CREATE TABLE IF NOT EXISTS `program_info` (
  `program_id` int(11) NOT NULL AUTO_INCREMENT,
  `program_name` varchar(255) CHARACTER SET utf8 COLLATE utf8_unicode_ci NOT NULL,
  `channel_id` int(11) NOT NULL,
  `category_id` int(11) NOT NULL,
  `date_time` datetime NOT NULL,
  PRIMARY KEY (`program_id`)
) ENGINE=MyISAM  DEFAULT CHARSET=latin1 AUTO_INCREMENT=386 ;

--
-- Dumping data for table `program_info`
--

INSERT INTO `program_info` (`program_id`, `program_name`, `channel_id`, `category_id`, `date_time`) VALUES
(1, 'Ride Along', 1, 2, '2015-10-27 02:30:00'),
(2, 'Fearless Hyena II', 1, 3, '2015-10-27 04:30:00'),
(3, 'The Day After Tomorrow', 1, 4, '2015-10-27 06:00:00'),
(4, 'Resident Evil: Extinction', 1, 5, '2015-10-27 08:30:00'),
(5, 'The Last King of Scotland', 1, 6, '2015-10-27 10:00:00'),
(6, 'Race to Witch Mountain', 1, 7, '2015-10-27 13:00:00'),
(7, 'Transporter 2', 1, 1, '2015-10-27 15:00:00'),
(8, 'Behind Enemy Lines: Colombia', 1, 2, '2015-10-27 16:30:00'),
(9, 'Night at the Museum', 1, 3, '2015-10-27 18:30:00'),
(10, 'Non-Stop ', 1, 4, '2015-10-27 21:00:00'),
(11, 'Jurassic Park', 1, 5, '2015-10-27 23:30:00'),
(12, 'Ride Along', 1, 6, '2015-10-28 02:30:00'),
(13, 'Race to Witch Mountain', 1, 7, '2015-10-28 13:00:00'),
(14, 'The Last King of Scotland', 1, 1, '2015-10-28 10:00:00'),
(15, 'Resident Evil: Extinction', 1, 2, '2015-10-28 08:30:00'),
(16, 'The Day After Tomorrow', 1, 3, '2015-10-28 06:00:00'),
(17, 'Fearless Hyena II', 1, 4, '2015-10-28 04:30:00'),
(18, 'Transporter 2', 1, 5, '2015-10-28 15:00:00'),
(19, 'Behind Enemy Lines: Colombia', 1, 6, '2015-10-28 16:30:00'),
(20, 'Night at the Museum', 1, 7, '2015-10-28 18:30:00'),
(21, 'Non-Stop ', 1, 1, '2015-10-28 21:00:00'),
(22, 'Jurassic Park', 1, 2, '2015-10-28 23:30:00'),
(23, 'Ride Along', 1, 3, '2015-10-29 02:30:00'),
(24, 'Race to Witch Mountain', 1, 4, '2015-10-29 13:00:00'),
(25, 'The Last King of Scotland', 1, 5, '2015-10-29 10:00:00'),
(26, 'Resident Evil: Extinction', 1, 6, '2015-10-29 08:30:00'),
(27, 'The Day After Tomorrow', 1, 7, '2015-10-29 06:00:00'),
(28, 'Fearless Hyena II', 1, 1, '2015-10-29 04:30:00'),
(29, 'Transporter 2', 1, 2, '2015-10-29 15:00:00'),
(30, 'Behind Enemy Lines: Colombia', 1, 3, '2015-10-29 16:30:00'),
(31, 'Night at the Museum', 1, 4, '2015-10-29 18:30:00'),
(32, 'Non-Stop ', 1, 5, '2015-10-29 21:00:00'),
(33, 'Jurassic Park', 1, 6, '2015-10-29 23:30:00'),
(34, 'Ride Along', 1, 7, '2015-10-30 02:30:00'),
(35, 'Race to Witch Mountain', 1, 1, '2015-10-30 13:00:00'),
(36, 'The Last King of Scotland', 1, 2, '2015-10-30 10:00:00'),
(37, 'Resident Evil: Extinction', 1, 3, '2015-10-30 08:30:00'),
(38, 'The Day After Tomorrow', 1, 4, '2015-10-30 06:00:00'),
(39, 'Fearless Hyena II', 1, 5, '2015-10-30 04:30:00'),
(40, 'Transporter 2', 1, 6, '2015-10-30 15:00:00'),
(41, 'Behind Enemy Lines: Colombia', 1, 7, '2015-10-30 16:30:00'),
(42, 'Night at the Museum', 1, 1, '2015-10-30 18:30:00'),
(43, 'Non-Stop ', 1, 2, '2015-10-30 21:00:00'),
(44, 'Jurassic Park', 1, 3, '2015-10-30 23:30:00'),
(45, 'Ride Along', 1, 4, '2015-10-31 02:30:00'),
(46, 'Race to Witch Mountain', 1, 5, '2015-10-31 13:00:00'),
(47, 'The Last King of Scotland', 1, 6, '2015-10-31 10:00:00'),
(48, 'Resident Evil: Extinction', 1, 7, '2015-10-31 08:30:00'),
(49, 'The Day After Tomorrow', 1, 1, '2015-10-31 06:00:00'),
(50, 'Fearless Hyena II', 1, 2, '2015-10-31 04:30:00'),
(51, 'Transporter 2', 1, 3, '2015-10-31 15:00:00'),
(52, 'Behind Enemy Lines: Colombia', 1, 4, '2015-10-31 16:30:00'),
(53, 'Night at the Museum', 1, 5, '2015-10-31 18:30:00'),
(54, 'Non-Stop ', 1, 6, '2015-10-31 21:00:00'),
(55, 'Jurassic Park', 1, 7, '2015-10-31 23:30:00'),
(76, 'A Non-Stop ', 2, 1, '2015-10-28 23:00:00'),
(75, 'A Night at the Museum', 2, 7, '2015-10-28 20:30:00'),
(74, 'A Behind Enemy Lines: Colombia', 2, 6, '2015-10-28 18:30:00'),
(73, 'A Transporter 2', 2, 5, '2015-10-28 17:00:00'),
(72, 'A Fearless Hyena II', 2, 4, '2015-10-28 06:30:00'),
(71, 'A The Day After Tomorrow', 2, 3, '2015-10-28 08:00:00'),
(70, 'A Resident Evil: Extinction', 2, 2, '2015-10-28 10:30:00'),
(69, 'A The Last King of Scotland', 2, 1, '2015-10-28 12:00:00'),
(68, 'A Race to Witch Mountain', 2, 7, '2015-10-28 15:00:00'),
(67, 'A Ride Along', 2, 6, '2015-10-28 04:30:00'),
(66, 'A Jurassic Park', 2, 5, '2015-10-28 01:30:00'),
(65, 'A Non-Stop ', 2, 4, '2015-10-27 23:00:00'),
(64, 'A Night at the Museum', 2, 3, '2015-10-27 20:30:00'),
(63, 'A Behind Enemy Lines: Colombia', 2, 2, '2015-10-27 18:30:00'),
(62, 'A Transporter 2', 2, 1, '2015-10-27 17:00:00'),
(61, 'A Race to Witch Mountain', 2, 7, '2015-10-27 15:00:00'),
(60, 'A The Last King of Scotland', 2, 6, '2015-10-27 12:00:00'),
(59, 'A Resident Evil: Extinction', 2, 5, '2015-10-27 10:30:00'),
(58, 'A The Day After Tomorrow', 2, 4, '2015-10-27 08:00:00'),
(57, 'A Fearless Hyena II', 2, 3, '2015-10-27 06:30:00'),
(56, 'A Ride Along', 2, 2, '2015-10-27 04:30:00'),
(77, 'A Jurassic Park', 2, 2, '2015-10-29 01:30:00'),
(78, 'A Ride Along', 2, 3, '2015-10-29 04:30:00'),
(79, 'A Race to Witch Mountain', 2, 4, '2015-10-29 15:00:00'),
(80, 'A The Last King of Scotland', 2, 5, '2015-10-29 12:00:00'),
(81, 'A Resident Evil: Extinction', 2, 6, '2015-10-29 10:30:00'),
(82, 'A The Day After Tomorrow', 2, 7, '2015-10-29 08:00:00'),
(83, 'A Fearless Hyena II', 2, 1, '2015-10-29 06:30:00'),
(84, 'A Transporter 2', 2, 2, '2015-10-29 17:00:00'),
(85, 'A Behind Enemy Lines: Colombia', 2, 3, '2015-10-29 18:30:00'),
(86, 'A Night at the Museum', 2, 4, '2015-10-29 20:30:00'),
(87, 'A Non-Stop ', 2, 5, '2015-10-29 23:00:00'),
(88, 'A Jurassic Park', 2, 6, '2015-10-30 01:30:00'),
(89, 'A Ride Along', 2, 7, '2015-10-30 04:30:00'),
(90, 'A Race to Witch Mountain', 2, 1, '2015-10-30 15:00:00'),
(91, 'A The Last King of Scotland', 2, 2, '2015-10-30 12:00:00'),
(92, 'A Resident Evil: Extinction', 2, 3, '2015-10-30 10:30:00'),
(93, 'A The Day After Tomorrow', 2, 4, '2015-10-30 08:00:00'),
(94, 'A Fearless Hyena II', 2, 5, '2015-10-30 06:30:00'),
(95, 'A Transporter 2', 2, 6, '2015-10-30 17:00:00'),
(96, 'A Behind Enemy Lines: Colombia', 2, 7, '2015-10-30 18:30:00'),
(97, 'A Night at the Museum', 2, 1, '2015-10-30 20:30:00'),
(98, 'A Non-Stop ', 2, 2, '2015-10-30 23:00:00'),
(99, 'A Jurassic Park', 2, 3, '2015-10-31 01:30:00'),
(100, 'A Ride Along', 2, 4, '2015-10-31 04:30:00'),
(101, 'A Race to Witch Mountain', 2, 5, '2015-10-31 15:00:00'),
(102, 'A The Last King of Scotland', 2, 6, '2015-10-31 12:00:00'),
(103, 'A Resident Evil: Extinction', 2, 7, '2015-10-31 10:30:00'),
(104, 'A The Day After Tomorrow', 2, 1, '2015-10-31 08:00:00'),
(105, 'A Fearless Hyena II', 2, 2, '2015-10-31 06:30:00'),
(106, 'A Transporter 2', 2, 3, '2015-10-31 17:00:00'),
(107, 'A Behind Enemy Lines: Colombia', 2, 4, '2015-10-31 18:30:00'),
(108, 'A Night at the Museum', 2, 5, '2015-10-31 20:30:00'),
(109, 'A Non-Stop ', 2, 6, '2015-10-31 23:00:00'),
(110, 'A Jurassic Park', 2, 7, '2015-11-01 01:30:00'),
(111, 'B Ride Along', 3, 2, '2015-10-26 23:30:00'),
(112, 'B Fearless Hyena II', 3, 3, '2015-10-27 01:30:00'),
(113, 'B The Day After Tomorrow', 3, 4, '2015-10-27 03:00:00'),
(114, 'B Resident Evil: Extinction', 3, 5, '2015-10-27 05:30:00'),
(115, 'B The Last King of Scotland', 3, 6, '2015-10-27 07:00:00'),
(116, 'B Race to Witch Mountain', 3, 7, '2015-10-27 10:00:00'),
(117, 'B Transporter 2', 3, 1, '2015-10-27 12:00:00'),
(118, 'B Behind Enemy Lines: Colombia', 3, 2, '2015-10-27 13:30:00'),
(119, 'B Night at the Museum', 3, 3, '2015-10-27 15:30:00'),
(120, 'B Non-Stop ', 3, 4, '2015-10-27 18:00:00'),
(121, 'B Jurassic Park', 3, 5, '2015-10-27 20:30:00'),
(122, 'B Ride Along', 3, 6, '2015-10-27 23:30:00'),
(123, 'B Race to Witch Mountain', 3, 7, '2015-10-28 10:00:00'),
(124, 'B The Last King of Scotland', 3, 1, '2015-10-28 07:00:00'),
(125, 'B Resident Evil: Extinction', 3, 2, '2015-10-28 05:30:00'),
(126, 'B The Day After Tomorrow', 3, 3, '2015-10-28 03:00:00'),
(127, 'B Fearless Hyena II', 3, 4, '2015-10-28 01:30:00'),
(128, 'B Transporter 2', 3, 5, '2015-10-28 12:00:00'),
(129, 'B Behind Enemy Lines: Colombia', 3, 6, '2015-10-28 13:30:00'),
(130, 'B Night at the Museum', 3, 7, '2015-10-28 15:30:00'),
(131, 'B Non-Stop ', 3, 1, '2015-10-28 18:00:00'),
(132, 'B Jurassic Park', 3, 2, '2015-10-28 20:30:00'),
(133, 'B Ride Along', 3, 3, '2015-10-28 23:30:00'),
(134, 'B Race to Witch Mountain', 3, 4, '2015-10-29 10:00:00'),
(135, 'B The Last King of Scotland', 3, 5, '2015-10-29 07:00:00'),
(136, 'B Resident Evil: Extinction', 3, 6, '2015-10-29 05:30:00'),
(137, 'B The Day After Tomorrow', 3, 7, '2015-10-29 03:00:00'),
(138, 'B Fearless Hyena II', 3, 1, '2015-10-29 01:30:00'),
(139, 'B Transporter 2', 3, 2, '2015-10-29 12:00:00'),
(140, 'B Behind Enemy Lines: Colombia', 3, 3, '2015-10-29 13:30:00'),
(141, 'B Night at the Museum', 3, 4, '2015-10-29 15:30:00'),
(142, 'B Non-Stop ', 3, 5, '2015-10-29 18:00:00'),
(143, 'B Jurassic Park', 3, 6, '2015-10-29 20:30:00'),
(144, 'B Ride Along', 3, 7, '2015-10-29 23:30:00'),
(145, 'B Race to Witch Mountain', 3, 1, '2015-10-30 10:00:00'),
(146, 'B The Last King of Scotland', 3, 2, '2015-10-30 07:00:00'),
(147, 'B Resident Evil: Extinction', 3, 3, '2015-10-30 05:30:00'),
(148, 'B The Day After Tomorrow', 3, 4, '2015-10-30 03:00:00'),
(149, 'B Fearless Hyena II', 3, 5, '2015-10-30 01:30:00'),
(150, 'B Transporter 2', 3, 6, '2015-10-30 12:00:00'),
(151, 'B Behind Enemy Lines: Colombia', 3, 7, '2015-10-30 13:30:00'),
(152, 'B Night at the Museum', 3, 1, '2015-10-30 15:30:00'),
(153, 'B Non-Stop ', 3, 2, '2015-10-30 18:00:00'),
(154, 'B Jurassic Park', 3, 3, '2015-10-30 20:30:00'),
(155, 'B Ride Along', 3, 4, '2015-10-30 23:30:00'),
(156, 'B Race to Witch Mountain', 3, 5, '2015-10-31 10:00:00'),
(157, 'B The Last King of Scotland', 3, 6, '2015-10-31 07:00:00'),
(158, 'B Resident Evil: Extinction', 3, 7, '2015-10-31 05:30:00'),
(159, 'B The Day After Tomorrow', 3, 1, '2015-10-31 03:00:00'),
(160, 'B Fearless Hyena II', 3, 2, '2015-10-31 01:30:00'),
(161, 'B Transporter 2', 3, 3, '2015-10-31 12:00:00'),
(162, 'B Behind Enemy Lines: Colombia', 3, 4, '2015-10-31 13:30:00'),
(163, 'B Night at the Museum', 3, 5, '2015-10-31 15:30:00'),
(164, 'B Non-Stop ', 3, 6, '2015-10-31 18:00:00'),
(165, 'B Jurassic Park', 3, 7, '2015-10-31 20:30:00'),
(204, 'C Fearless Hyena II', 4, 5, '2015-10-30 04:30:00'),
(203, 'C The Day After Tomorrow', 4, 4, '2015-10-30 06:00:00'),
(202, 'C Resident Evil: Extinction', 4, 3, '2015-10-30 08:30:00'),
(201, 'C The Last King of Scotland', 4, 2, '2015-10-30 10:00:00'),
(200, 'C Race to Witch Mountain', 4, 1, '2015-10-30 13:00:00'),
(199, 'C Ride Along', 4, 7, '2015-10-30 02:30:00'),
(198, 'C Jurassic Park', 4, 6, '2015-10-29 23:30:00'),
(197, 'C Non-Stop ', 4, 5, '2015-10-29 21:00:00'),
(196, 'C Night at the Museum', 4, 4, '2015-10-29 18:30:00'),
(195, 'C Behind Enemy Lines: Colombia', 4, 3, '2015-10-29 16:30:00'),
(194, 'C Transporter 2', 4, 2, '2015-10-29 15:00:00'),
(193, 'C Fearless Hyena II', 4, 1, '2015-10-29 04:30:00'),
(192, 'C The Day After Tomorrow', 4, 7, '2015-10-29 06:00:00'),
(191, 'C Resident Evil: Extinction', 4, 6, '2015-10-29 08:30:00'),
(190, 'C The Last King of Scotland', 4, 5, '2015-10-29 10:00:00'),
(189, 'C Race to Witch Mountain', 4, 4, '2015-10-29 13:00:00'),
(188, 'C Ride Along', 4, 3, '2015-10-29 02:30:00'),
(187, 'C Jurassic Park', 4, 2, '2015-10-28 23:30:00'),
(186, 'C Non-Stop ', 4, 1, '2015-10-28 21:00:00'),
(185, 'C Night at the Museum', 4, 7, '2015-10-28 18:30:00'),
(184, 'C Behind Enemy Lines: Colombia', 4, 6, '2015-10-28 16:30:00'),
(183, 'C Transporter 2', 4, 5, '2015-10-28 15:00:00'),
(182, 'C Fearless Hyena II', 4, 4, '2015-10-28 04:30:00'),
(181, 'C The Day After Tomorrow', 4, 3, '2015-10-28 06:00:00'),
(180, 'C Resident Evil: Extinction', 4, 2, '2015-10-28 08:30:00'),
(179, 'C The Last King of Scotland', 4, 1, '2015-10-28 10:00:00'),
(178, 'C Race to Witch Mountain', 4, 7, '2015-10-28 13:00:00'),
(177, 'C Ride Along', 4, 6, '2015-10-28 02:30:00'),
(176, 'C Jurassic Park', 4, 5, '2015-10-27 23:30:00'),
(175, 'C Non-Stop ', 4, 4, '2015-10-27 21:00:00'),
(174, 'C Night at the Museum', 4, 3, '2015-10-27 18:30:00'),
(173, 'C Behind Enemy Lines: Colombia', 4, 2, '2015-10-27 16:30:00'),
(172, 'C Transporter 2', 4, 1, '2015-10-27 15:00:00'),
(171, 'C Race to Witch Mountain', 4, 7, '2015-10-27 13:00:00'),
(170, 'C The Last King of Scotland', 4, 6, '2015-10-27 10:00:00'),
(169, 'C Resident Evil: Extinction', 4, 5, '2015-10-27 08:30:00'),
(168, 'C The Day After Tomorrow', 4, 4, '2015-10-27 06:00:00'),
(167, 'C Fearless Hyena II', 4, 3, '2015-10-27 04:30:00'),
(166, 'C Ride Along', 4, 2, '2015-10-27 02:30:00'),
(221, 'D Ride Along', 5, 2, '2015-10-27 02:30:00'),
(222, 'D Fearless Hyena II', 5, 3, '2015-10-27 04:30:00'),
(223, 'D The Day After Tomorrow', 5, 4, '2015-10-27 06:00:00'),
(224, 'D Resident Evil: Extinction', 5, 5, '2015-10-27 08:30:00'),
(225, 'D The Last King of Scotland', 5, 6, '2015-10-27 10:00:00'),
(226, 'D Race to Witch Mountain', 5, 7, '2015-10-27 13:00:00'),
(227, 'D Transporter 2', 5, 1, '2015-10-27 15:00:00'),
(228, 'D Behind Enemy Lines: Colombia', 5, 2, '2015-10-27 16:30:00'),
(229, 'D Night at the Museum', 5, 3, '2015-10-27 18:30:00'),
(230, 'D Non-Stop ', 5, 4, '2015-10-27 21:00:00'),
(231, 'D Jurassic Park', 5, 5, '2015-10-27 23:30:00'),
(232, 'D Ride Along', 5, 6, '2015-10-28 02:30:00'),
(233, 'D Race to Witch Mountain', 5, 7, '2015-10-28 13:00:00'),
(234, 'D The Last King of Scotland', 5, 1, '2015-10-28 10:00:00'),
(235, 'D Resident Evil: Extinction', 5, 2, '2015-10-28 08:30:00'),
(236, 'D The Day After Tomorrow', 5, 3, '2015-10-28 06:00:00'),
(237, 'D Fearless Hyena II', 5, 4, '2015-10-28 04:30:00'),
(238, 'D Transporter 2', 5, 5, '2015-10-28 15:00:00'),
(239, 'D Behind Enemy Lines: Colombia', 5, 6, '2015-10-28 16:30:00'),
(240, 'D Night at the Museum', 5, 7, '2015-10-28 18:30:00'),
(241, 'D Non-Stop ', 5, 1, '2015-10-28 21:00:00'),
(242, 'D Jurassic Park', 5, 2, '2015-10-28 23:30:00'),
(243, 'D Ride Along', 5, 3, '2015-10-29 02:30:00'),
(244, 'D Race to Witch Mountain', 5, 4, '2015-10-29 13:00:00'),
(245, 'D The Last King of Scotland', 5, 5, '2015-10-29 10:00:00'),
(246, 'D Resident Evil: Extinction', 5, 6, '2015-10-29 08:30:00'),
(247, 'D The Day After Tomorrow', 5, 7, '2015-10-29 06:00:00'),
(248, 'D Fearless Hyena II', 5, 1, '2015-10-29 04:30:00'),
(249, 'D Transporter 2', 5, 2, '2015-10-29 15:00:00'),
(250, 'D Behind Enemy Lines: Colombia', 5, 3, '2015-10-29 16:30:00'),
(251, 'D Night at the Museum', 5, 4, '2015-10-29 18:30:00'),
(252, 'D Non-Stop ', 5, 5, '2015-10-29 21:00:00'),
(253, 'D Jurassic Park', 5, 6, '2015-10-29 23:30:00'),
(254, 'D Ride Along', 5, 7, '2015-10-30 02:30:00'),
(255, 'D Race to Witch Mountain', 5, 1, '2015-10-30 13:00:00'),
(256, 'D The Last King of Scotland', 5, 2, '2015-10-30 10:00:00'),
(257, 'D Resident Evil: Extinction', 5, 3, '2015-10-30 08:30:00'),
(258, 'D The Day After Tomorrow', 5, 4, '2015-10-30 06:00:00'),
(259, 'D Fearless Hyena II', 5, 5, '2015-10-30 04:30:00'),
(260, 'D Transporter 2', 5, 6, '2015-10-30 15:00:00'),
(261, 'D Behind Enemy Lines: Colombia', 5, 7, '2015-10-30 16:30:00'),
(262, 'D Night at the Museum', 5, 1, '2015-10-30 18:30:00'),
(263, 'D Non-Stop ', 5, 2, '2015-10-30 21:00:00'),
(264, 'D Jurassic Park', 5, 3, '2015-10-30 23:30:00'),
(265, 'D Ride Along', 5, 4, '2015-10-31 02:30:00'),
(266, 'D Race to Witch Mountain', 5, 5, '2015-10-31 13:00:00'),
(267, 'D The Last King of Scotland', 5, 6, '2015-10-31 10:00:00'),
(268, 'D Resident Evil: Extinction', 5, 7, '2015-10-31 08:30:00'),
(269, 'D The Day After Tomorrow', 5, 1, '2015-10-31 06:00:00'),
(270, 'D Fearless Hyena II', 5, 2, '2015-10-31 04:30:00'),
(271, 'D Transporter 2', 5, 3, '2015-10-31 15:00:00'),
(272, 'D Behind Enemy Lines: Colombia', 5, 4, '2015-10-31 16:30:00'),
(273, 'D Night at the Museum', 5, 5, '2015-10-31 18:30:00'),
(274, 'D Non-Stop ', 5, 6, '2015-10-31 21:00:00'),
(275, 'D Jurassic Park', 5, 7, '2015-10-31 23:30:00'),
(276, 'E Ride Along', 6, 2, '2015-10-27 02:30:00'),
(277, 'E Fearless Hyena II', 6, 3, '2015-10-27 04:30:00'),
(278, 'E The Day After Tomorrow', 6, 4, '2015-10-27 06:00:00'),
(279, 'E Resident Evil: Extinction', 6, 5, '2015-10-27 08:30:00'),
(280, 'E The Last King of Scotland', 6, 6, '2015-10-27 10:00:00'),
(281, 'E Race to Witch Mountain', 6, 7, '2015-10-27 13:00:00'),
(282, 'E Transporter 2', 6, 1, '2015-10-27 15:00:00'),
(283, 'E Behind Enemy Lines: Colombia', 6, 2, '2015-10-27 16:30:00'),
(284, 'E Night at the Museum', 6, 3, '2015-10-27 18:30:00'),
(285, 'E Non-Stop ', 6, 4, '2015-10-27 21:00:00'),
(286, 'E Jurassic Park', 6, 5, '2015-10-27 23:30:00'),
(287, 'E Ride Along', 6, 6, '2015-10-28 02:30:00'),
(288, 'E Race to Witch Mountain', 6, 7, '2015-10-28 13:00:00'),
(289, 'E The Last King of Scotland', 6, 1, '2015-10-28 10:00:00'),
(290, 'E Resident Evil: Extinction', 6, 2, '2015-10-28 08:30:00'),
(291, 'E The Day After Tomorrow', 6, 3, '2015-10-28 06:00:00'),
(292, 'E Fearless Hyena II', 6, 4, '2015-10-28 04:30:00'),
(293, 'E Transporter 2', 6, 5, '2015-10-28 15:00:00'),
(294, 'E Behind Enemy Lines: Colombia', 6, 6, '2015-10-28 16:30:00'),
(295, 'E Night at the Museum', 6, 7, '2015-10-28 18:30:00'),
(296, 'E Non-Stop ', 6, 1, '2015-10-28 21:00:00'),
(297, 'E Jurassic Park', 6, 2, '2015-10-28 23:30:00'),
(298, 'E Ride Along', 6, 3, '2015-10-29 02:30:00'),
(299, 'E Race to Witch Mountain', 6, 4, '2015-10-29 13:00:00'),
(300, 'E The Last King of Scotland', 6, 5, '2015-10-29 10:00:00'),
(301, 'E Resident Evil: Extinction', 6, 6, '2015-10-29 08:30:00'),
(302, 'E The Day After Tomorrow', 6, 7, '2015-10-29 06:00:00'),
(303, 'E Fearless Hyena II', 6, 1, '2015-10-29 04:30:00'),
(304, 'E Transporter 2', 6, 2, '2015-10-29 15:00:00'),
(305, 'E Behind Enemy Lines: Colombia', 6, 3, '2015-10-29 16:30:00'),
(306, 'E Night at the Museum', 6, 4, '2015-10-29 18:30:00'),
(307, 'E Non-Stop ', 6, 5, '2015-10-29 21:00:00'),
(308, 'E Jurassic Park', 6, 6, '2015-10-29 23:30:00'),
(309, 'E Ride Along', 6, 7, '2015-10-30 02:30:00'),
(310, 'E Race to Witch Mountain', 6, 1, '2015-10-30 13:00:00'),
(311, 'E The Last King of Scotland', 6, 2, '2015-10-30 10:00:00'),
(312, 'E Resident Evil: Extinction', 6, 3, '2015-10-30 08:30:00'),
(313, 'E The Day After Tomorrow', 6, 4, '2015-10-30 06:00:00'),
(314, 'E Fearless Hyena II', 6, 5, '2015-10-30 04:30:00'),
(315, 'E Transporter 2', 6, 6, '2015-10-30 15:00:00'),
(316, 'E Behind Enemy Lines: Colombia', 6, 7, '2015-10-30 16:30:00'),
(317, 'E Night at the Museum', 6, 1, '2015-10-30 18:30:00'),
(318, 'E Non-Stop ', 6, 2, '2015-10-30 21:00:00'),
(319, 'E Jurassic Park', 6, 3, '2015-10-30 23:30:00'),
(320, 'E Ride Along', 6, 4, '2015-10-31 02:30:00'),
(321, 'E Race to Witch Mountain', 6, 5, '2015-10-31 13:00:00'),
(322, 'E The Last King of Scotland', 6, 6, '2015-10-31 10:00:00'),
(323, 'E Resident Evil: Extinction', 6, 7, '2015-10-31 08:30:00'),
(324, 'E The Day After Tomorrow', 6, 1, '2015-10-31 06:00:00'),
(325, 'E Fearless Hyena II', 6, 2, '2015-10-31 04:30:00'),
(326, 'E Transporter 2', 6, 3, '2015-10-31 15:00:00'),
(327, 'E Behind Enemy Lines: Colombia', 6, 4, '2015-10-31 16:30:00'),
(328, 'E Night at the Museum', 6, 5, '2015-10-31 18:30:00'),
(329, 'E Non-Stop ', 6, 6, '2015-10-31 21:00:00'),
(330, 'E Jurassic Park', 6, 7, '2015-10-31 23:30:00'),
(331, 'F Ride Along', 7, 2, '2015-10-27 02:30:00'),
(332, 'F Fearless Hyena II', 7, 3, '2015-10-27 04:30:00'),
(333, 'F The Day After Tomorrow', 7, 4, '2015-10-27 06:00:00'),
(334, 'F Resident Evil: Extinction', 7, 5, '2015-10-27 08:30:00'),
(335, 'F The Last King of Scotland', 7, 6, '2015-10-27 10:00:00'),
(336, 'F Race to Witch Mountain', 7, 7, '2015-10-27 13:00:00'),
(337, 'F Transporter 2', 7, 1, '2015-10-27 15:00:00'),
(338, 'F Behind Enemy Lines: Colombia', 7, 2, '2015-10-27 16:30:00'),
(339, 'F Night at the Museum', 7, 3, '2015-10-27 18:30:00'),
(340, 'F Non-Stop ', 7, 4, '2015-10-27 21:00:00'),
(341, 'F Jurassic Park', 7, 5, '2015-10-27 23:30:00'),
(342, 'F Ride Along', 7, 6, '2015-10-28 02:30:00'),
(343, 'F Race to Witch Mountain', 7, 7, '2015-10-28 13:00:00'),
(344, 'F The Last King of Scotland', 7, 1, '2015-10-28 10:00:00'),
(345, 'F Resident Evil: Extinction', 7, 2, '2015-10-28 08:30:00'),
(346, 'F The Day After Tomorrow', 7, 3, '2015-10-28 06:00:00'),
(347, 'F Fearless Hyena II', 7, 4, '2015-10-28 04:30:00'),
(348, 'F Transporter 2', 7, 5, '2015-10-28 15:00:00'),
(349, 'F Behind Enemy Lines: Colombia', 7, 6, '2015-10-28 16:30:00'),
(350, 'F Night at the Museum', 7, 7, '2015-10-28 18:30:00'),
(351, 'F Non-Stop ', 7, 1, '2015-10-28 21:00:00'),
(352, 'F Jurassic Park', 7, 2, '2015-10-28 23:30:00'),
(353, 'F Ride Along', 7, 3, '2015-10-29 02:30:00'),
(354, 'F Race to Witch Mountain', 7, 4, '2015-10-29 13:00:00'),
(355, 'F The Last King of Scotland', 7, 5, '2015-10-29 10:00:00'),
(356, 'F Resident Evil: Extinction', 7, 6, '2015-10-29 08:30:00'),
(357, 'F The Day After Tomorrow', 7, 7, '2015-10-29 06:00:00'),
(358, 'F Fearless Hyena II', 7, 1, '2015-10-29 04:30:00'),
(359, 'F Transporter 2', 7, 2, '2015-10-29 15:00:00'),
(360, 'F Behind Enemy Lines: Colombia', 7, 3, '2015-10-29 16:30:00'),
(361, 'F Night at the Museum', 7, 4, '2015-10-29 18:30:00'),
(362, 'F Non-Stop ', 7, 5, '2015-10-29 21:00:00'),
(363, 'F Jurassic Park', 7, 6, '2015-10-29 23:30:00'),
(364, 'F Ride Along', 7, 7, '2015-10-30 02:30:00'),
(365, 'F Race to Witch Mountain', 7, 1, '2015-10-30 13:00:00'),
(366, 'F The Last King of Scotland', 7, 2, '2015-10-30 10:00:00'),
(367, 'F Resident Evil: Extinction', 7, 3, '2015-10-30 08:30:00'),
(368, 'F The Day After Tomorrow', 7, 4, '2015-10-30 06:00:00'),
(369, 'F Fearless Hyena II', 7, 5, '2015-10-30 04:30:00'),
(370, 'F Transporter 2', 7, 6, '2015-10-30 15:00:00'),
(371, 'F Behind Enemy Lines: Colombia', 7, 7, '2015-10-30 16:30:00'),
(372, 'F Night at the Museum', 7, 1, '2015-10-30 18:30:00'),
(373, 'F Non-Stop ', 7, 2, '2015-10-30 21:00:00'),
(374, 'F Jurassic Park', 7, 3, '2015-10-30 23:30:00'),
(375, 'F Ride Along', 7, 4, '2015-10-31 02:30:00'),
(376, 'F Race to Witch Mountain', 7, 5, '2015-10-31 13:00:00'),
(377, 'F The Last King of Scotland', 7, 6, '2015-10-31 10:00:00'),
(378, 'F Resident Evil: Extinction', 7, 7, '2015-10-31 08:30:00'),
(379, 'F The Day After Tomorrow', 7, 1, '2015-10-31 06:00:00'),
(380, 'F Fearless Hyena II', 7, 2, '2015-10-31 04:30:00'),
(381, 'F Transporter 2', 7, 3, '2015-10-31 15:00:00'),
(382, 'F Behind Enemy Lines: Colombia', 7, 4, '2015-10-31 16:30:00'),
(383, 'F Night at the Museum', 7, 5, '2015-10-31 18:30:00'),
(384, 'F Non-Stop ', 7, 6, '2015-10-31 21:00:00'),
(385, 'F Jurassic Park', 7, 7, '2015-10-31 23:30:00'),
(205, 'C Transporter 2', 4, 6, '2015-10-30 15:00:00'),
(206, 'C Behind Enemy Lines: Colombia', 4, 7, '2015-10-30 16:30:00'),
(207, 'C Night at the Museum', 4, 1, '2015-10-30 18:30:00'),
(208, 'C Non-Stop ', 4, 2, '2015-10-30 21:00:00'),
(209, 'C Jurassic Park', 4, 3, '2015-10-30 23:30:00'),
(210, 'C Ride Along', 4, 4, '2015-10-31 02:30:00'),
(211, 'C Race to Witch Mountain', 4, 5, '2015-10-31 13:00:00'),
(212, 'C The Last King of Scotland', 4, 6, '2015-10-31 10:00:00'),
(213, 'C Resident Evil: Extinction', 4, 7, '2015-10-31 08:30:00'),
(214, 'C The Day After Tomorrow', 4, 1, '2015-10-31 06:00:00'),
(215, 'C Fearless Hyena II', 4, 2, '2015-10-31 04:30:00'),
(216, 'C Transporter 2', 4, 3, '2015-10-31 15:00:00'),
(217, 'C Behind Enemy Lines: Colombia', 4, 4, '2015-10-31 16:30:00'),
(218, 'C Night at the Museum', 4, 5, '2015-10-31 18:30:00'),
(219, 'C Non-Stop ', 4, 6, '2015-10-31 21:00:00'),
(220, 'C Jurassic Park', 4, 7, '2015-10-31 23:30:00');

-- --------------------------------------------------------

--
-- Table structure for table `top_chart_info`
--

CREATE TABLE IF NOT EXISTS `top_chart_info` (
  `type` int(11) NOT NULL,
  `rank` int(11) NOT NULL,
  `name` varchar(100) COLLATE utf8_unicode_ci NOT NULL,
  PRIMARY KEY (`type`,`rank`)
) ENGINE=MyISAM DEFAULT CHARSET=utf8 COLLATE=utf8_unicode_ci;

--
-- Dumping data for table `top_chart_info`
--

INSERT INTO `top_chart_info` (`type`, `rank`, `name`) VALUES
(1, 1, 'The Martian'),
(1, 2, 'Hotel Transylvania 2'),
(1, 3, 'Pan'),
(1, 4, 'The Intern'),
(1, 5, 'Sicario'),
(2, 1, 'Bajrangi Bhaijaan'),
(2, 2, 'Tanu Weds Manu Returns'),
(2, 3, 'Baahubali'),
(2, 4, 'ABCD - Any Body Can Dance - 2'),
(2, 5, 'Jurassic World');

/*!40101 SET CHARACTER_SET_CLIENT=@OLD_CHARACTER_SET_CLIENT */;
/*!40101 SET CHARACTER_SET_RESULTS=@OLD_CHARACTER_SET_RESULTS */;
/*!40101 SET COLLATION_CONNECTION=@OLD_COLLATION_CONNECTION */;
